first_name,last_name,email,gender,skill,language,shirt_size
Dalston,Millgate,dmillgate0@columbia.edu,Male,Immigration Law,Estonian,S
Dagny,Fisby,dfisby1@de.vu,Male,Crystal Xcelsius,Gujarati,XL
Dorine,Sibbons,dsibbons2@weather.com,Female,Wills,Malayalam,S
Duncan,Rowan,drowan3@1688.com,Male,Boating,Burmese,XS
Hugues,Sodory,hsodory4@accuweather.com,Male,Kaizen Blitz,Polish,XL
Marena,Lowdes,mlowdes5@amazon.com,Female,Yardi Enterprise,Luxembourgish,S
Glyn,Macer,gmacer6@noaa.gov,Female,CDPE,Belarusian,L
Bar,Tritten,btritten7@bloglines.com,Male,Financial Statements,Montenegrin,XS
Karlee,Stratton,kstratton8@wikipedia.org,Female,Zynx,Bengali,3XL
Wynn,Chilcotte,wchilcotte9@usa.gov,Female,ICP,Tetum,XL
Clayson,Wannop,cwannopa@ftc.gov,Male,WWAN,Malagasy,XS
Truman,Gerrans,tgerransb@gnu.org,Male,Ektron Content Management System,Hungarian,S
Charmion,McReynolds,cmcreynoldsc@businessweek.com,Female,Fume FX,French,XS
Jim,Duckfield,jduckfieldd@comsenz.com,Male,Fluid Mechanics,Māori,3XL
Fritz,Geke,fgekee@latimes.com,Male,Office Administration,Kazakh,M
Sandye,Anthoin,santhoinf@howstuffworks.com,Female,Clinical Nutrition,Danish,M
Franny,Richmond,frichmondg@flavors.me,Female,Pigments,Hindi,XL
Lilith,Patinkin,lpatinkinh@imdb.com,Female,Zynx,Swati,XL
Earl,Nasi,enasii@google.co.uk,Male,Ethical Decision Making,Belarusian,XS
Blayne,Shipcott,bshipcottj@shutterfly.com,Male,TCO reduction,Hungarian,S
Butch,Lumsdale,blumsdalek@sitemeter.com,Male,Akka,Korean,3XL
Fayre,Haythornthwaite,fhaythornthwaitel@webnode.com,Female,Vulnerability Scanning,Tswana,M
Kippy,Nan Carrow,knancarrowm@cornell.edu,Female,SSEP,Czech,M
Vikky,McGaw,vmcgawn@usa.gov,Female,Urban Geography,Portuguese,L
Marius,Duerden,mduerdeno@fotki.com,Male,Aircraft Design,Khmer,L
Dorie,Dabrowski,ddabrowskip@vk.com,Female,CFD,Belarusian,2XL
Sigvard,Brattell,sbrattellq@ustream.tv,Male,IBM iSeries,Telugu,M
Justus,Eddins,jeddinsr@who.int,Male,Snow,Papiamento,2XL
Ema,Feldmann,efeldmanns@tinypic.com,Female,Ducting,Aymara,XL
Berkly,Behnen,bbehnent@liveinternet.ru,Male,Hospitality Industry,Hungarian,XL
Luisa,Egan,leganu@economist.com,Female,Unfair Competition,Norwegian,S
Dannie,Crabb,dcrabbv@squidoo.com,Male,PNF,Armenian,S
Kain,Beau,kbeauw@purevolume.com,Male,FDA,West Frisian,2XL
Raquela,Glendenning,rglendenningx@guardian.co.uk,Female,Dyeing,Khmer,XS
Farlie,Willoughby,fwilloughbyy@stumbleupon.com,Male,GMAT,Tamil,2XL
Mortie,Hubbucke,mhubbuckez@lulu.com,Male,Pilates,Kashmiri,S
Fran,Feben,ffeben10@aol.com,Male,Writing,Afrikaans,S
Ashleigh,Crackel,acrackel11@aol.com,Female,SNL,Malay,L
Phip,Bakesef,pbakesef12@dagondesign.com,Male,PCI Standards,Montenegrin,L
Calypso,Soigne,csoigne13@nsw.gov.au,Female,AC/DC,Swahili,S
Sharity,Feeney,sfeeney14@nyu.edu,Female,LPCVD,Tsonga,XL
Morgana,Duckett,mduckett15@kickstarter.com,Female,FDS,Tok Pisin,S
Tim,Priestman,tpriestman16@abc.net.au,Male,CBCP,Bosnian,S
Edvard,Garlee,egarlee17@skyrock.com,Male,eHRPD,German,L
Kurtis,Heinlein,kheinlein18@github.com,Male,JavaScript Libraries,Italian,XL
Inglebert,Ginie,iginie19@w3.org,Male,SS7,Telugu,3XL
Bond,Braley,bbraley1a@jugem.jp,Male,Yeast two-hybrid,Kannada,2XL
Lindsey,Steere,lsteere1b@topsy.com,Male,Thermal Oxidation,Spanish,S
Ketty,Bridat,kbridat1c@histats.com,Female,Cyberlaw,Dutch,3XL
Carlin,Hadgkiss,chadgkiss1d@techcrunch.com,Male,Outdoors,Hindi,M
Lucien,Mendonca,lmendonca1e@berkeley.edu,Male,nCloth,Oriya,2XL
Valeda,Brisson,vbrisson1f@deliciousdays.com,Female,MCSA Security,Macedonian,M
Malinde,Corrao,mcorrao1g@feedburner.com,Female,PPV,Arabic,3XL
Gus,Fitzhenry,gfitzhenry1h@twitpic.com,Female,CFIA,Lao,XS
Simonette,Troth,stroth1i@soup.io,Female,PQQs,Ndebele,XL
Holden,Ceeley,hceeley1j@google.co.jp,Male,Electric Guitar,Khmer,M
Ingemar,Bogart,ibogart1k@youtube.com,Male,Slate,Irish Gaelic,3XL
Nathanael,Pobjay,npobjay1l@e-recht24.de,Male,NBAR,Georgian,XL
Leigha,Dennick,ldennick1m@dell.com,Female,EGPRS,Dutch,2XL
Grady,Spiller,gspiller1n@pagesperso-orange.fr,Male,Oversight,Latvian,XL
Johnette,Tomaino,jtomaino1o@wiley.com,Female,Functional Training,Tsonga,S
Ursa,Newbold,unewbold1p@cdc.gov,Female,UCINET,Malagasy,S
Kelby,Cockran,kcockran1q@miibeian.gov.cn,Male,DFLSS,Hungarian,XS
Donnamarie,Pinner,dpinner1r@mozilla.com,Female,Bank-owned Properties,English,S
Baldwin,Akester,bakester1s@engadget.com,Male,OxMetrics,Hiri Motu,XS
Tresa,Ericsson,tericsson1t@globo.com,Female,NLRB,Tok Pisin,XS
Giacinta,Acutt,gacutt1u@uol.com.br,Female,Teaching Writing,Afrikaans,L
Martelle,Tweede,mtweede1v@phoca.cz,Female,FFP,Bislama,2XL
Nancie,Lindwasser,nlindwasser1w@nationalgeographic.com,Female,Agilent ADS,Icelandic,3XL
Glenden,Shord,gshord1x@nyu.edu,Male,CFM,Kyrgyz,S
Sayers,Klain,sklain1y@wired.com,Male,VSX,Hindi,XS
Mavra,Welton,mwelton1z@bigcartel.com,Female,Certified DDI Facilitator,Georgian,S
Hughie,Lernihan,hlernihan20@yahoo.co.jp,Male,QML,Moldovan,XS
Lela,McGilvray,lmcgilvray21@ocn.ne.jp,Female,QPST,Dari,2XL
Krishnah,Ayer,kayer22@ocn.ne.jp,Male,RTL Coding,Quechua,2XL
Brooks,Teek,bteek23@symantec.com,Female,Dbx,Chinese,XL
Westleigh,Trafford,wtrafford24@geocities.jp,Male,Telecom BSS,Hiri Motu,M
Dayle,Heisham,dheisham25@tinyurl.com,Female,ZPL,Ndebele,3XL
Lynnet,Kaliszewski,lkaliszewski26@linkedin.com,Female,DHCP,West Frisian,L
Aldrich,Joynt,ajoynt27@digg.com,Male,XML Schema,Tsonga,3XL
Roxi,Malletratt,rmalletratt28@va.gov,Female,XAMPP,West Frisian,XL
Trixie,Casiero,tcasiero29@amazonaws.com,Female,VSTO,Portuguese,XL
Kerby,McCard,kmccard2a@kickstarter.com,Male,Young People,Italian,L
Edith,Kemm,ekemm2b@dell.com,Female,For Sale By Owner,Māori,S
Gennie,Carrivick,gcarrivick2c@japanpost.jp,Female,OLE,Irish Gaelic,L
Giusto,Dinse,gdinse2d@miitbeian.gov.cn,Male,SBS,Bislama,2XL
Katherine,Franz,kfranz2e@people.com.cn,Female,TCO reduction,Tswana,L
Rebecca,Sandeland,rsandeland2f@cbslocal.com,Female,TPF,Macedonian,2XL
Kermy,Morales,kmorales2g@last.fm,Male,Nuclear,Swati,XL
Blane,Baptista,bbaptista2h@gizmodo.com,Male,Bands,Lao,L
Clement,Franzotto,cfranzotto2i@prlog.org,Male,RSVP,Georgian,3XL
Cooper,Strode,cstrode2j@google.es,Male,Politics,Belarusian,M
Delphine,Lebond,dlebond2k@privacy.gov.au,Female,Lyrical,Gujarati,XS
Rachael,Boswell,rboswell2l@ftc.gov,Female,Financial Mgmt,Kazakh,2XL
Ansley,Heaseman,aheaseman2m@sogou.com,Female,LabWindows/CVI,Pashto,M
Waite,Conwell,wconwell2n@people.com.cn,Male,DL1,Indonesian,M
Jeannie,Kinnen,jkinnen2o@mac.com,Female,IGRT,Arabic,3XL
Augustus,Brosel,abrosel2p@php.net,Male,Sellers,Luxembourgish,XL
Randi,Kilford,rkilford2q@zimbio.com,Male,PPMS,Hebrew,S
Daven,MacDunlevy,dmacdunlevy2r@cocolog-nifty.com,Male,HMRC enquiries,Kashmiri,M
